naive1.0_0_squared0.2_exp.csv:7098.609253168106,utility_term_naive,0,30000,3000,-100681.1171875,1.0885140895843506,1.188926339149475,0.8987390995025635,0.7650431990623474,0.833173394203186,1.894518494606018,1.197286605834961,1.6969472169876099,0.7639321088790894,0.7572938799858093,0.008856425993144512,0.004169329069554806,0.15956971049308777,4.9159722328186035,0.04932722821831703,0.0002402644749963656,6.610064506530762,2.146117687225342
naive1.0_0_tilted0.2_exp.csv:8963.881293535233,utility_term_naive,0,30000,3000,-100342.3828125,1.0694483518600464,0.3096584975719452,0.24138888716697693,0.6478484869003296,0.7048273682594299,1.9525203704833984,0.31087303161621094,0.3226214349269867,0.6468973159790039,0.6540210843086243,0.008838740177452564,0.004454085603356361,0.14940567314624786,4.765744686126709,0.04949690401554108,0.0002531844947952777,6.834935665130615,1.7670562267303467
naive1.0_0_tilted0.5_exp.csv:9218.193373203278,utility_term_naive,0,30000,3000,-100214.9453125,1.0659502744674683,0.4432368576526642,0.32002344727516174,0.6753234267234802,0.7591028809547424,1.9693597555160522,0.44510120153427124,0.4560168385505676,0.6743310689926147,0.6916636824607849,0.008736598305404186,0.004531254060566425,0.15123073756694794,4.74491548538208,0.049475159496068954,0.00025656301295384765,6.877470016479492,1.6934071779251099
naive1.0_0_tilted0.8_exp.csv:9018.589730739594,utility_term_naive,0,30000,3000,-100286.2734375,1.0734694004058838,0.30946457386016846,0.29167523980140686,0.6480148434638977,0.6636940240859985,1.9480149745941162,0.3107360601425171,0.39573824405670166,0.6470010876655579,0.6100480556488037,0.008724222891032696,0.004446444567292929,0.1655254065990448,4.793571949005127,0.049382034689188004,0.0002512807259336114,6.8058247566223145,1.817123532295227
naive1.0_1_squared0.2_exp.csv:6715.867331027985,utility_term_naive,1,30000,3000,-100561.59375,1.0955313444137573,1.1850913763046265,0.911306619644165,0.7655677199363708,0.8317224979400635,1.885241985321045,1.1930512189865112,1.6902613639831543,0.7645001411437988,0.7577356100082397,-0.009568532928824425,0.004157958086580038,-0.27083882689476013,5.007929801940918,0.04909727722406387,0.0002459882234688848,6.521245002746582,2.219233751296997
naive1.0_1_tilted0.2_exp.csv:8823.957535743713,utility_term_naive,1,30000,3000,-100242.25,1.0714008808135986,0.3094511926174164,0.24091793596744537,0.6480537056922913,0.7053865790367126,1.9393737316131592,0.3106140196323395,0.3206862509250641,0.6471213102340698,0.655458390712738,-0.009665554389357567,0.0044387392699718475,-0.28688889741897583,4.804577827453613,0.04919276759028435,0.0002557082043495029,6.799752712249756,1.7905750274658203
naive1.0_1_tilted0.5_exp.csv:8797.82363319397,utility_term_naive,1,30000,3000,-100153.3671875,1.0688892602920532,0.4428355395793915,0.3200259804725647,0.6755412220954895,0.75936359167099,1.9502450227737427,0.44458386301994324,0.4534555971622467,0.6746195554733276,0.6930504441261292,-0.00961158238351345,0.004516551271080971,-0.2878800332546234,4.786420822143555,0.04915046691894531,0.00025961926439777017,6.841978549957275,1.714404821395874
naive1.0_1_tilted0.8_exp.csv:8856.064482927322,utility_term_naive,1,30000,3000,-100152.5703125,1.0723774433135986,0.3095279335975647,0.291525274515152,0.6479617357254028,0.6637660264968872,1.9387603998184204,0.3106841444969177,0.3951337933540344,0.64705890417099,0.6104146838188171,-0.00963566917926073,0.004435862880200148,-0.300295352935791,4.816216945648193,0.04900681599974632,0.0002554712409619242,6.7915778160095215,1.8098807334899902
naive1.0_2_squared0.2_exp.csv:7210.493111371994,utility_term_naive,2,30000,3000,-100540.6328125,1.0996729135513306,1.1886138916015625,0.9109552502632141,0.7650901079177856,0.8318789005279541,1.8804600238800049,1.1956766843795776,1.690459966659546,0.7641399502754211,0.7577727437019348,0.00934032816439867,0.004157481715083122,0.4378494322299957,5.001401901245117,0.04908403009176254,0.00024785459390841424,6.515063762664795,2.212937593460083
naive1.0_2_tilted0.2_exp.csv:9188.419151544571,utility_term_naive,2,30000,3000,-100282.0234375,1.075668215751648,0.3098117709159851,0.24108298122882843,0.6477373838424683,0.7052850127220154,1.9316233396530151,0.31091389060020447,0.3206748366355896,0.6468756794929504,0.6550993323326111,0.009295270778238773,0.004437079653143883,0.43925362825393677,4.796213150024414,0.04932502657175064,0.0002635984565131366,6.797685146331787,1.7896748781204224
naive1.0_2_tilted0.5_exp.csv:9771.114343166351,utility_term_naive,2,30000,3000,-100166.3203125,1.0704169273376465,0.44348564743995667,0.3196190595626831,0.6751960515975952,0.7595581412315369,1.9477691650390625,0.44516080617904663,0.45328912138938904,0.674308717250824,0.6931915879249573,0.009267122484743595,0.004516308195888996,0.4302401542663574,4.765339374542236,0.049274832010269165,0.0002652105176821351,6.8507585525512695,1.7001878023147583
naive1.0_2_tilted0.8_exp.csv:9728.318671226501,utility_term_naive,2,30000,3000,-100101.3984375,1.076889991760254,0.3099718987941742,0.2914997339248657,0.6476144194602966,0.6638927459716797,1.9304940700531006,0.3109572231769562,0.3952506482601166,0.6468454003334045,0.6102534532546997,0.00921917986124754,0.004435825161635876,0.4200136363506317,4.812302112579346,0.04906608909368515,0.0002607685746625066,6.786501407623291,1.8108420372009277
naive1.0_3_squared0.2_exp.csv:6460.2774913311005,utility_term_naive,3,30000,3000,-100727.296875,1.0945260524749756,1.1900665760040283,0.9054956436157227,0.7648902535438538,0.8324416279792786,1.8886104822158813,1.1984364986419678,1.696353554725647,0.7637764811515808,0.7574300765991211,0.00873725675046444,0.004161442164331675,0.26612070202827454,4.961623191833496,0.04942288249731064,0.00023726090148556978,6.555514812469482,2.2116966247558594
naive1.0_3_tilted0.2_exp.csv:8986.78202009201,utility_term_naive,3,30000,3000,-100263.1171875,1.0714620351791382,0.3099619448184967,0.24076183140277863,0.6476251482963562,0.705461323261261,1.937682032585144,0.31121763586997986,0.3215826749801636,0.6466449499130249,0.6544520854949951,0.008816423825919628,0.004445475526154041,0.2828980088233948,4.764309883117676,0.049593422561883926,0.00024959485745057464,6.8296122550964355,1.7631855010986328
naive1.0_3_tilted0.5_exp.csv:9222.259626150131,utility_term_naive,3,30000,3000,-100190.1328125,1.0709832906723022,0.44349998235702515,0.31891119480133057,0.6751775741577148,0.7601034641265869,1.9510067701339722,0.4453141689300537,0.45306631922721863,0.6742229461669922,0.6933802962303162,0.00880125630646944,0.00452561816200614,0.27234315872192383,4.753568172454834,0.04954792186617851,0.00025713146897032857,6.864467144012451,1.6983180046081543
naive1.0_3_tilted0.8_exp.csv:8601.194390535355,utility_term_naive,3,30000,3000,-100240.6328125,1.0713200569152832,0.31000450253486633,0.29084137082099915,0.6475715041160583,0.6641844511032104,1.9333469867706299,0.31122660636901855,0.3943893015384674,0.6466093063354492,0.6106014251708984,0.008835075423121452,0.004446130245923996,0.2518858313560486,4.767477035522461,0.04943330958485603,0.0002508146280888468,6.830748558044434,1.7539255619049072
naive1.0_4_squared0.2_exp.csv:7785.265315294266,utility_term_naive,4,30000,3000,-100708.6953125,1.0966403484344482,1.1861050128936768,0.9140863418579102,0.7654533982276917,0.8313871622085571,1.8804341554641724,1.1938403844833374,1.693583607673645,0.7643895745277405,0.7576253414154053,-0.00960252434015274,0.0041653853841125965,-0.34161922335624695,5.025543212890625,0.048874631524086,0.00024212978314608335,6.503293514251709,2.2479422092437744
naive1.0_4_tilted0.2_exp.csv:9608.6598944664,utility_term_naive,4,30000,3000,-100258.4921875,1.067362904548645,0.30978214740753174,0.2407739758491516,0.64776611328125,0.7054315209388733,1.9382364749908447,0.31103864312171936,0.32155346870422363,0.6467637419700623,0.6547743678092957,-0.009216823615133762,0.004453121218830347,-0.2225317656993866,4.77583122253418,0.04941803216934204,0.0002557388215791434,6.833266735076904,1.746059775352478
naive1.0_4_tilted0.5_exp.csv:9762.82779288292,utility_term_naive,4,30000,3000,-100174.2265625,1.0657892227172852,0.4431905150413513,0.3193242847919464,0.6753472685813904,0.7597588896751404,1.954477071762085,0.4449259638786316,0.4531383514404297,0.6744369268417358,0.6934012770652771,-0.009164639748632908,0.004528224468231201,-0.24494697153568268,4.764286994934082,0.04912632703781128,0.00025944909430108964,6.868195056915283,1.6929388046264648
naive1.0_4_tilted0.8_exp.csv:9836.509434461594,utility_term_naive,4,30000,3000,-100229.171875,1.0692107677459717,0.3098476231098175,0.29125818610191345,0.6477091908454895,0.6639043688774109,1.933919072151184,0.310907244682312,0.395214319229126,0.646870493888855,0.6102511286735535,-0.009226929396390915,0.004448189865797758,-0.2913108468055725,4.787970542907715,0.04921778291463852,0.00025783065939322114,6.812751770019531,1.7864482402801514
naive1.0_5_squared0.2_exp.csv:7775.8021540641785,utility_term_naive,5,30000,3000,-100495.6796875,1.0931634902954102,1.1883947849273682,0.9052664637565613,0.7651292085647583,0.8322151303291321,1.8989039659500122,1.1963481903076172,1.7007967233657837,0.7640407681465149,0.756658136844635,-0.009030194953083992,0.004158467520028353,-0.21513631939888,4.981325626373291,0.049455877393484116,0.0002459850220475346,6.542709827423096,2.2202181816101074
naive1.0_5_tilted0.2_exp.csv:9524.81946015358,utility_term_naive,5,30000,3000,-100228.0078125,1.0707552433013916,0.31026536226272583,0.24015741050243378,0.6473877429962158,0.70576411485672,1.9561580419540405,0.31153908371925354,0.32150933146476746,0.6463828682899475,0.6544998288154602,-0.009002415463328362,0.00445023225620389,-0.26155760884284973,4.7335991859436035,0.04956798627972603,0.00025533681036904454,6.867143630981445,1.6877466440200806
naive1.0_5_tilted0.5_exp.csv:9789.61820936203,utility_term_naive,5,30000,3000,-100065.5,1.0695757865905762,0.4436483383178711,0.3183099031448364,0.6751076579093933,0.7603073120117188,1.9697233438491821,0.4455202519893646,0.4545225203037262,0.6741170883178711,0.6925009489059448,-0.008932934142649174,0.004525900352746248,-0.26629841327667236,4.725197792053223,0.04953931272029877,0.00026262420578859746,6.895577907562256,1.6462796926498413
naive1.0_5_tilted0.8_exp.csv:9818.972660541534,utility_term_naive,5,30000,3000,-100069.15625,1.0728851556777954,0.30993279814720154,0.2905524671077728,0.6476424336433411,0.6642575263977051,1.9500932693481445,0.3111543655395508,0.3952012360095978,0.6466737389564514,0.6104770302772522,-0.008890134282410145,0.004445468541234732,-0.24349646270275116,4.763798236846924,0.049484241753816605,0.00025703461142256856,6.838587284088135,1.7345550060272217
naive1.0_6_squared0.2_exp.csv:6599.968239545822,utility_term_naive,6,30000,3000,-100566.6171875,1.089482069015503,1.1871482133865356,0.9060013890266418,0.7652714848518372,0.8323241472244263,1.898155689239502,1.1953396797180176,1.693413496017456,0.7641801238059998,0.7573375701904297,0.0092471269890666,0.004165715537965298,0.24931010603904724,4.9648590087890625,0.04930301383137703,0.00024069704522844404,6.561549186706543,2.17010760307312
naive1.0_6_tilted0.2_exp.csv:7858.251214265823,utility_term_naive,6,30000,3000,-100109.4296875,1.066697597503662,0.30973654985427856,0.2406725436449051,0.6477965712547302,0.7054429650306702,1.9538480043411255,0.31098681688308716,0.3211557865142822,0.6468052268028259,0.654920220375061,0.009194111451506615,0.004446137696504593,0.2960852384567261,4.769520282745361,0.049439672380685806,0.00025822818861342967,6.835708141326904,1.7311761379241943
naive1.0_6_tilted0.5_exp.csv:8068.297515630722,utility_term_naive,6,30000,3000,-99995.5078125,1.0638279914855957,0.4431493282318115,0.3194870054721832,0.67535799741745,0.7595899105072021,1.9700175523757935,0.44493910670280457,0.4535192549228668,0.6744245886802673,0.6930333375930786,0.009161793626844883,0.004523829557001591,0.3021825850009918,4.75830602645874,0.04942426085472107,0.0002627501671668142,6.869018077850342,1.6727259159088135
naive1.0_6_tilted0.8_exp.csv:8098.828990936279,utility_term_naive,6,30000,3000,-100078.34375,1.0649895668029785,0.30971649289131165,0.29047784209251404,0.6478089094161987,0.6644947528839111,1.9525439739227295,0.31093358993530273,0.39475882053375244,0.6468444466590881,0.6105318069458008,0.009221709333360195,0.004446703940629959,0.30046460032463074,4.7662529945373535,0.049360066652297974,0.00025387981440871954,6.840089321136475,1.715994119644165
naive1.0_7_squared0.2_exp.csv:6635.320863723755,utility_term_naive,7,30000,3000,-100848.6015625,1.0879006385803223,1.1891435384750366,0.9016236066818237,0.765005350112915,0.8328361511230469,1.9084924459457397,1.1972769498825073,1.7020893096923828,0.7639318704605103,0.7566282749176025,0.009165545925498009,0.004171479493379593,0.23540814220905304,4.929867744445801,0.04935172200202942,0.0002431879984214902,6.588233470916748,2.1492998600006104
naive1.0_7_tilted0.2_exp.csv:8453.11104273796,utility_term_naive,7,30000,3000,-100520.9765625,1.065140724182129,0.3100273013114929,0.24041788280010223,0.6475782990455627,0.7057002186775208,1.9508330821990967,0.31122133135795593,0.3215717673301697,0.6466296911239624,0.6544516086578369,0.00896518025547266,0.004450483713299036,0.1615763008594513,4.768664360046387,0.049603912979364395,0.00026033236645162106,6.836788177490234,1.7390474081039429
naive1.0_7_tilted0.5_exp.csv:8651.895793914795,utility_term_naive,7,30000,3000,-100413.1796875,1.0642989873886108,0.44338542222976685,0.3193417191505432,0.6752392053604126,0.7597391605377197,1.9656307697296143,0.44516974687576294,0.45397326350212097,0.674309492111206,0.6927199363708496,0.008914273232221603,0.004526049830019474,0.14635629951953888,4.771286964416504,0.04961525648832321,0.0002639282902237028,6.854063034057617,1.7143689393997192
naive1.0_7_tilted0.8_exp.csv:8723.675779819489,utility_term_naive,7,30000,3000,-100484.046875,1.0643765926361084,0.31015539169311523,0.29029542207717896,0.6474608778953552,0.6644389629364014,1.970794439315796,0.3112681806087494,0.39560699462890625,0.6465899348258972,0.6100806593894958,0.008862540125846863,0.004451105371117592,0.15467490255832672,4.769720554351807,0.04954485222697258,0.0002575770195107907,6.828647136688232,1.773038625717163
naive1.0_8_squared0.2_exp.csv:6845.716469049454,utility_term_naive,8,30000,3000,-100754.6328125,1.1016544103622437,1.1898272037506104,0.903863251209259,0.7649142146110535,0.8325847387313843,1.8848074674606323,1.1972758769989014,1.690903902053833,0.7639138102531433,0.7576376795768738,-0.008955170400440693,0.004169085994362831,-0.22295081615447998,4.9453887939453125,0.04918559640645981,0.00023942625557538122,6.580717086791992,2.132528066635132
naive1.0_8_tilted0.2_exp.csv:8645.083589076996,utility_term_naive,8,30000,3000,-100248.953125,1.076982855796814,0.31007716059684753,0.24063615500926971,0.6475138068199158,0.7054052948951721,1.9432950019836426,0.3112708628177643,0.3208717703819275,0.6465859413146973,0.6548376679420471,-0.009187296032905579,0.004451942630112171,-0.28186431527137756,4.745734214782715,0.049337007105350494,0.0002561776782386005,6.85244607925415,1.7165857553482056
naive1.0_8_tilted0.5_exp.csv:9646.786399841309,utility_term_naive,8,30000,3000,-100195.9296875,1.076765775680542,0.4435955584049225,0.3188084065914154,0.6751205325126648,0.7600382566452026,1.9638803005218506,0.44530248641967773,0.4534219205379486,0.6742368936538696,0.693005383014679,-0.009196064434945583,0.004525525961071253,-0.311689555644989,4.744253635406494,0.049262043088674545,0.000260375440120697,6.877629280090332,1.6697474718093872
naive1.0_8_tilted0.8_exp.csv:9023.575012683868,utility_term_naive,8,30000,3000,-100263.09375,1.0766948461532593,0.30994564294815063,0.29072052240371704,0.6476365923881531,0.6640037894248962,1.9436793327331543,0.3111090660095215,0.3947271406650543,0.6467064619064331,0.6102840304374695,0.009663796983659267,0.004445183090865612,0.3456040918827057,4.755602836608887,0.04895595461130142,0.00025028796517290175,6.851756572723389,1.7080650329589844
naive1.0_9_squared0.2_exp.csv:7230.352749109268,utility_term_naive,9,30000,3000,-100705.1328125,1.1116249561309814,1.1847275495529175,0.9223776459693909,0.7656292915344238,0.8307353258132935,1.893876552581787,1.1922627687454224,1.6970056295394897,0.764581561088562,0.757451057434082,-0.009420336224138737,0.0041650873608887196,-0.3353082835674286,5.089388370513916,0.049383554607629776,0.00024585059145465493,6.432426929473877,2.317530870437622
naive1.0_9_tilted0.2_exp.csv:8352.066884279251,utility_term_naive,9,30000,3000,-100237.453125,1.0743314027786255,0.3100188076496124,0.2406533807516098,0.6475779414176941,0.7054756879806519,1.9453235864639282,0.31122782826423645,0.32202640175819397,0.646625280380249,0.6545247435569763,-0.009304977022111416,0.004452861379832029,-0.33973607420921326,4.765947341918945,0.04952811077237129,0.00025301516870968044,6.834179401397705,1.732623815536499
naive1.0_9_tilted0.5_exp.csv:9374.129538536072,utility_term_naive,9,30000,3000,-100223.6796875,1.069618821144104,0.4436635673046112,0.31802552938461304,0.6750993132591248,0.7605991363525391,1.9654804468154907,0.44547322392463684,0.45442232489585876,0.6741428971290588,0.6927749514579773,-0.009082060307264328,0.004532674327492714,-0.2815978527069092,4.730151176452637,0.049482300877571106,0.0002586781047284603,6.886174201965332,1.6705666780471802
naive1.0_9_tilted0.8_exp.csv:9507.70243382454,utility_term_naive,9,30000,3000,-100181.8203125,1.0759092569351196,0.31001347303390503,0.2906385362148285,0.6475931406021118,0.6643207669258118,1.9492076635360718,0.3112102150917053,0.3948822021484375,0.6466140747070312,0.610307514667511,-0.009013609029352665,0.0044548362493515015,-0.3168286383152008,4.759751319885254,0.04944928362965584,0.0002515814558137208,6.8343505859375,1.7496155500411987
vi1.0_0_squared0.2_exp.csv:6407.208886384964,utility_term_vi,0,30000,3000,-100288.171875,1.092664361000061,1.3204941749572754,0.7760905027389526,0.52452152967453,0.6927640438079834,2.1127471923828125,1.3336700201034546,1.7770109176635742,0.5226943492889404,0.5774142146110535,0.008847614750266075,0.005219146143645048,0.14836612343788147,4.8112592697143555,0.05000506713986397,0.00031346530886366963,6.977529525756836,1.4350229501724243
vi1.0_0_tilted0.2_exp.csv:8707.08743596077,utility_term_vi,0,30000,3000,-100288.171875,1.092664361000061,0.32141610980033875,0.2390051633119583,0.7473750114440918,0.7992710471153259,2.1127471923828125,0.32300901412963867,0.3305952847003937,0.7463921308517456,0.7502596974372864,0.008847614750266075,0.005219146143645048,0.14836612343788147,4.8112592697143555,0.05000506713986397,0.00031346530886366963,6.977529525756836,1.4350229501724243
vi1.0_0_tilted0.5_exp.csv:8877.571459531784,utility_term_vi,0,30000,3000,-100288.171875,1.092664361000061,0.4581063687801361,0.31049808859825134,0.6675463318824768,0.7640178203582764,2.1127471923828125,0.46036040782928467,0.4636458158493042,0.6663814783096313,0.6879060864448547,0.008847614750266075,0.005219146143645048,0.14836612343788147,4.8112592697143555,0.05000506713986397,0.00031346530886366963,6.977529525756836,1.4350229501724243
vi1.0_0_tilted0.8_exp.csv:8922.484319448471,utility_term_vi,0,30000,3000,-100288.171875,1.092664361000061,0.32145920395851135,0.2822256088256836,0.7473519444465637,0.771431028842926,2.1127471923828125,0.32300177216529846,0.4007823169231415,0.7464008331298828,0.716841459274292,0.008847614750266075,0.005219146143645048,0.14836612343788147,4.8112592697143555,0.05000506713986397,0.00031346530886366963,6.977529525756836,1.4350229501724243
vi1.0_1_squared0.2_exp.csv:6538.903365850449,utility_term_vi,1,30000,3000,-100077.2578125,1.0988355875015259,1.321386694908142,0.7779524922370911,0.5244910717010498,0.693791389465332,2.0926852226257324,1.3339437246322632,1.7640405893325806,0.5227416753768921,0.5799053311347961,-0.009484355337917805,0.0052034505642950535,-0.26899924874305725,4.852560520172119,0.049682457000017166,0.0003165357920806855,6.93901252746582,1.4901142120361328
vi1.0_1_tilted0.2_exp.csv:8263.655307769775,utility_term_vi,1,30000,3000,-100077.2578125,1.0988355875015259,0.3215382993221283,0.23941852152347565,0.7473156452178955,0.7989112138748169,2.0926852226257324,0.3230135142803192,0.32895010709762573,0.7464132308959961,0.7511957287788391,-0.009484355337917805,0.0052034505642950535,-0.26899924874305725,4.852560520172119,0.049682457000017166,0.0003165357920806855,6.93901252746582,1.4901142120361328
vi1.0_1_tilted0.5_exp.csv:8188.787812948227,utility_term_vi,1,30000,3000,-100077.2578125,1.0988355875015259,0.45821693539619446,0.3100232183933258,0.6675053834915161,0.7645636200904846,2.0926852226257324,0.4603559672832489,0.4611525535583496,0.6664034128189087,0.6893035173416138,-0.009484355337917805,0.0052034505642950535,-0.26899924874305725,4.852560520172119,0.049682457000017166,0.0003165357920806855,6.93901252746582,1.4901142120361328
vi1.0_1_tilted0.8_exp.csv:8201.437564611435,utility_term_vi,1,30000,3000,-100077.2578125,1.0988355875015259,0.32153046131134033,0.28245243430137634,0.7473127245903015,0.7714951038360596,2.0926852226257324,0.3230239152908325,0.3996053636074066,0.7463967204093933,0.7175002694129944,-0.009484355337917805,0.0052034505642950535,-0.26899924874305725,4.852560520172119,0.049682457000017166,0.0003165357920806855,6.93901252746582,1.4901142120361328
vi1.0_2_squared0.2_exp.csv:6551.317784547806,utility_term_vi,2,30000,3000,-100360.203125,1.1012343168258667,1.3232569694519043,0.7789868116378784,0.5241681933403015,0.693673312664032,2.085381507873535,1.3353675603866577,1.759944200515747,0.5224485993385315,0.5801547765731812,0.00915836077183485,0.005207680631428957,0.41762566566467285,4.847322940826416,0.04984647408127785,0.0003300818498246372,6.934311389923096,1.4977446794509888
vi1.0_2_tilted0.2_exp.csv:9038.636929512024,utility_term_vi,2,30000,3000,-100360.203125,1.1012343168258667,0.3217526078224182,0.23934857547283173,0.7471652030944824,0.7990107536315918,2.085381507873535,0.3232167363166809,0.3285118043422699,0.746268630027771,0.7513774633407593,0.00915836077183485,0.005207680631428957,0.41762566566467285,4.847322940826416,0.04984647408127785,0.0003300818498246372,6.934311389923096,1.4977446794509888
vi1.0_2_tilted0.5_exp.csv:9018.125882148743,utility_term_vi,2,30000,3000,-100360.203125,1.1012343168258667,0.45857131481170654,0.310305655002594,0.6673097014427185,0.764372706413269,2.085381507873535,0.4606475532054901,0.46059516072273254,0.6662339568138123,0.689549446105957,0.00915836077183485,0.005207680631428957,0.41762566566467285,4.847322940826416,0.04984647408127785,0.0003300818498246372,6.934311389923096,1.4977446794509888
vi1.0_2_tilted0.8_exp.csv:9059.5674700737,utility_term_vi,2,30000,3000,-100360.203125,1.1012343168258667,0.32180699706077576,0.2826921343803406,0.7471426725387573,0.7713571786880493,2.085381507873535,0.3231709897518158,0.3989902138710022,0.7463036179542542,0.7177866697311401,0.00915836077183485,0.005207680631428957,0.41762566566467285,4.847322940826416,0.04984647408127785,0.0003300818498246372,6.934311389923096,1.4977446794509888
vi1.0_3_squared0.2_exp.csv:5618.756006002426,utility_term_vi,3,30000,3000,-100271.7265625,1.101444125175476,1.3209015130996704,0.7776498198509216,0.5244891047477722,0.6941564083099365,2.0904080867767334,1.3340157270431519,1.764301061630249,0.5226738452911377,0.579892635345459,0.008818143978714943,0.005220162682235241,0.2857178747653961,4.830751419067383,0.050055015832185745,0.00031554390443488955,6.950312614440918,1.4849207401275635
vi1.0_3_tilted0.2_exp.csv:7844.524213790894,utility_term_vi,3,30000,3000,-100271.7265625,1.101444125175476,0.3214900493621826,0.2388676255941391,0.7473369240760803,0.7993851900100708,2.0904080867767334,0.3230524957180023,0.3290584981441498,0.7463720440864563,0.7511184811592102,0.008818143978714943,0.005220162682235241,0.2857178747653961,4.830751419067383,0.050055015832185745,0.00031554390443488955,6.950312614440918,1.4849207401275635
vi1.0_3_tilted0.5_exp.csv:7839.9761254787445,utility_term_vi,3,30000,3000,-100271.7265625,1.101444125175476,0.4581676423549652,0.30966487526893616,0.6675171256065369,0.7648348808288574,2.0904080867767334,0.46040040254592896,0.4608675241470337,0.6663693189620972,0.689516007900238,0.008818143978714943,0.005220162682235241,0.2857178747653961,4.830751419067383,0.050055015832185745,0.00031554390443488955,6.950312614440918,1.4849207401275635
vi1.0_3_tilted0.8_exp.csv:7770.656574964523,utility_term_vi,3,30000,3000,-100271.7265625,1.101444125175476,0.3215024173259735,0.28267380595207214,0.7473161816596985,0.7713363766670227,2.0904080867767334,0.3230524957180023,0.39949387311935425,0.746370255947113,0.7174723744392395,0.008818143978714943,0.005220162682235241,0.2857178747653961,4.830751419067383,0.050055015832185745,0.00031554390443488955,6.950312614440918,1.4849207401275635
vi1.0_4_squared0.2_exp.csv:6697.861702203751,utility_term_vi,4,30000,3000,-100033.15625,1.0957252979278564,1.322939157485962,0.7753105163574219,0.524208128452301,0.6940914988517761,2.1008176803588867,1.3358535766601562,1.7655950784683228,0.5223842859268188,0.5801228284835815,-0.009103973396122456,0.005216827616095543,-0.2490382045507431,4.838255882263184,0.04968760535120964,0.0003232524322811514,6.956875324249268,1.4822437763214111
vi1.0_4_tilted0.2_exp.csv:8931.265500307083,utility_term_vi,4,30000,3000,-100033.15625,1.0957252979278564,0.32169508934020996,0.23906485736370087,0.7472136616706848,0.7992268800735474,2.1008176803588867,0.32330796122550964,0.3297877013683319,0.7462125420570374,0.7508133053779602,-0.009103973396122456,0.005216827616095543,-0.2490382045507431,4.838255882263184,0.04968760535120964,0.0003232524322811514,6.956875324249268,1.4822437763214111
vi1.0_4_tilted0.5_exp.csv:8989.368104457855,utility_term_vi,4,30000,3000,-100033.15625,1.0957252979278564,0.4585117995738983,0.3097226321697235,0.6673362255096436,0.7646464109420776,2.1008176803588867,0.46073007583618164,0.46105095744132996,0.6661939024925232,0.68941730260849,-0.009103973396122456,0.005216827616095543,-0.2490382045507431,4.838255882263184,0.04968760535120964,0.0003232524322811514,6.956875324249268,1.4822437763214111
vi1.0_4_tilted0.8_exp.csv:8935.365986585617,utility_term_vi,4,30000,3000,-100033.15625,1.0957252979278564,0.32176050543785095,0.28233107924461365,0.7471688985824585,0.7713956832885742,2.1008176803588867,0.32324880361557007,0.3991227149963379,0.7462438344955444,0.717659592628479,-0.009103973396122456,0.005216827616095543,-0.2490382045507431,4.838255882263184,0.04968760535120964,0.0003232524322811514,6.956875324249268,1.4822437763214111
vi1.0_5_squared0.2_exp.csv:5234.498411893845,utility_term_vi,5,30000,3000,-100015.4765625,1.1028066873550415,1.3217977285385132,0.7768577337265015,0.5243884325027466,0.6940045356750488,2.107564687728882,1.3356566429138184,1.7660061120986938,0.5224543213844299,0.579304575920105,-0.008981619030237198,0.005216015502810478,-0.27309367060661316,4.833217620849609,0.050090279430150986,0.0003263775142841041,6.952000141143799,1.4763171672821045
vi1.0_5_tilted0.2_exp.csv:9049.071542263031,utility_term_vi,5,30000,3000,-100015.4765625,1.1028066873550415,0.3215940296649933,0.23925811052322388,0.7472752928733826,0.7990477085113525,2.107564687728882,0.32325270771980286,0.3293325901031494,0.7462510466575623,0.7509196996688843,-0.008981619030237198,0.005216015502810478,-0.27309367060661316,4.833217620849609,0.050090279430150986,0.0003263775142841041,6.952000141143799,1.4763171672821045
vi1.0_5_tilted0.5_exp.csv:8946.689690351486,utility_term_vi,5,30000,3000,-100015.4765625,1.1028066873550415,0.4583006799221039,0.3096984028816223,0.6674540042877197,0.7647769451141357,2.107564687728882,0.46067386865615845,0.46160638332366943,0.6662265062332153,0.6890088319778442,-0.008981619030237198,0.005216015502810478,-0.27309367060661316,4.833217620849609,0.050090279430150986,0.0003263775142841041,6.952000141143799,1.4763171672821045
vi1.0_5_tilted0.8_exp.csv:7524.594357013702,utility_term_vi,5,30000,3000,-100015.4765625,1.1028066873550415,0.32159024477005005,0.28243133425712585,0.7472701668739319,0.7714244723320007,2.107564687728882,0.3232167363166809,0.39950281381607056,0.746269166469574,0.7175308465957642,-0.008981619030237198,0.005216015502810478,-0.27309367060661316,4.833217620849609,0.050090279430150986,0.0003263775142841041,6.952000141143799,1.4763171672821045
vi1.0_6_squared0.2_exp.csv:6131.5623779296875,utility_term_vi,6,30000,3000,-99917.75,1.0949459075927734,1.3202414512634277,0.7771485447883606,0.5245465040206909,0.6933190226554871,2.1262717247009277,1.334205985069275,1.773998737335205,0.5226626396179199,0.5785455107688904,0.009033571928739548,0.005217079073190689,0.30452126264572144,4.82149600982666,0.04994580149650574,0.00032289105001837015,6.965971946716309,1.4500901699066162
vi1.0_6_tilted0.2_exp.csv:8107.891890764236,utility_term_vi,6,30000,3000,-99917.75,1.0949459075927734,0.3214097023010254,0.23897100985050201,0.7473879456520081,0.7992281913757324,2.1262717247009277,0.3230558931827545,0.33010154962539673,0.7463696599006653,0.7504745721817017,0.009033571928739548,0.005217079073190689,0.30452126264572144,4.82149600982666,0.04994580149650574,0.00032289105001837015,6.965971946716309,1.4500901699066162
vi1.0_6_tilted0.5_exp.csv:8419.943878889084,utility_term_vi,6,30000,3000,-99917.75,1.0949459075927734,0.4580734372138977,0.31032437086105347,0.6675611138343811,0.7642083764076233,2.1262717247009277,0.4604136347770691,0.46262815594673157,0.6663695573806763,0.6885491013526917,0.009033571928739548,0.005217079073190689,0.30452126264572144,4.82149600982666,0.04994580149650574,0.00032289105001837015,6.965971946716309,1.4500901699066162
vi1.0_6_tilted0.8_exp.csv:8394.517184495926,utility_term_vi,6,30000,3000,-99917.75,1.0949459075927734,0.32139384746551514,0.28226786851882935,0.7473893165588379,0.7715757489204407,2.1262717247009277,0.32309773564338684,0.4004684388637543,0.7463385462760925,0.7171214818954468,0.009033571928739548,0.005217079073190689,0.30452126264572144,4.82149600982666,0.04994580149650574,0.00032289105001837015,6.965971946716309,1.4500901699066162
vi1.0_7_squared0.2_exp.csv:6363.439097642899,utility_term_vi,7,30000,3000,-100246.203125,1.0959019660949707,1.3220800161361694,0.7769621014595032,0.5243221521377563,0.6936873197555542,2.1027863025665283,1.3359395265579224,1.7639892101287842,0.5224258899688721,0.5788134932518005,0.008898098953068256,0.005217636004090309,0.16275784373283386,4.8527116775512695,0.05022541806101799,0.000323814048897475,6.938606262207031,1.4956165552139282
vi1.0_7_tilted0.2_exp.csv:8380.229771852493,utility_term_vi,7,30000,3000,-100246.203125,1.0959019660949707,0.32164713740348816,0.23916491866111755,0.7472388744354248,0.7991147041320801,2.1027863025665283,0.32326140999794006,0.32970044016838074,0.7462404370307922,0.7507092952728271,0.008898098953068256,0.005217636004090309,0.16275784373283386,4.8527116775512695,0.05022541806101799,0.000323814048897475,6.938606262207031,1.4956165552139282
vi1.0_7_tilted0.5_exp.csv:8371.393475294113,utility_term_vi,7,30000,3000,-100246.203125,1.0959019660949707,0.4583803713321686,0.3100906014442444,0.6674121618270874,0.7644912600517273,2.1027863025665283,0.46071091294288635,0.46180397272109985,0.6662191152572632,0.688766360282898,0.008898098953068256,0.005217636004090309,0.16275784373283386,4.8527116775512695,0.05022541806101799,0.000323814048897475,6.938606262207031,1.4956165552139282
vi1.0_7_tilted0.8_exp.csv:8338.837078809738,utility_term_vi,7,30000,3000,-100246.203125,1.0959019660949707,0.3216407001018524,0.2825866639614105,0.7472342848777771,0.7712756395339966,2.1027863025665283,0.3232771158218384,0.3993500769138336,0.7462383508682251,0.7173464894294739,0.008898098953068256,0.005217636004090309,0.16275784373283386,4.8527116775512695,0.05022541806101799,0.000323814048897475,6.938606262207031,1.4956165552139282
vi1.0_8_squared0.2_exp.csv:5773.626955986023,utility_term_vi,8,30000,3000,-100192.7265625,1.1115089654922485,1.3238223791122437,0.7752025723457336,0.5240403413772583,0.6940123438835144,2.100574016571045,1.3367363214492798,1.7629120349884033,0.5222936272621155,0.5797216892242432,-0.008849499747157097,0.005215832963585854,-0.2881282567977905,4.833776473999023,0.04980436712503433,0.000323487794958055,6.949825286865234,1.4917047023773193
vi1.0_8_tilted0.2_exp.csv:8707.448688745499,utility_term_vi,8,30000,3000,-100192.7265625,1.1115089654922485,0.32180994749069214,0.23928618431091309,0.7471373081207275,0.7989636659622192,2.100574016571045,0.32335272431373596,0.3288170099258423,0.74619060754776,0.75114905834198,-0.008849499747157097,0.005215832963585854,-0.2881282567977905,4.833776473999023,0.04980436712503433,0.000323487794958055,6.949825286865234,1.4917047023773193
vi1.0_8_tilted0.5_exp.csv:7957.260926246643,utility_term_vi,8,30000,3000,-100192.7265625,1.1115089654922485,0.4586932957172394,0.3097703158855438,0.6672400236129761,0.7645923495292664,2.100574016571045,0.4608626365661621,0.46102166175842285,0.6661307215690613,0.6893070936203003,-0.008849499747157097,0.005215832963585854,-0.2881282567977905,4.833776473999023,0.04980436712503433,0.000323487794958055,6.949825286865234,1.4917047023773193
vi1.0_8_tilted0.8_exp.csv:7956.688699960709,utility_term_vi,8,30000,3000,-100192.7265625,1.1115089654922485,0.3218476474285126,0.2820727527141571,0.7471262812614441,0.7716814279556274,2.100574016571045,0.32339251041412354,0.3992184102535248,0.746166467666626,0.7177979946136475,-0.008849499747157097,0.005215832963585854,-0.2881282567977905,4.833776473999023,0.04980436712503433,0.000323487794958055,6.949825286865234,1.4917047023773193
vi1.0_9_squared0.2_exp.csv:6161.110126018524,utility_term_vi,9,30000,3000,-100075.90625,1.1044069528579712,1.3219739198684692,0.7762970924377441,0.5243412256240845,0.694766104221344,2.0999677181243896,1.3347231149673462,1.7700467109680176,0.5225741863250732,0.5798109769821167,-0.008993417955935001,0.005223824176937342,-0.26091235876083374,4.835916996002197,0.05006387457251549,0.0003116241132374853,6.951079368591309,1.4787882566452026
vi1.0_9_tilted0.2_exp.csv:9158.491625785828,utility_term_vi,9,30000,3000,-100075.90625,1.1044069528579712,0.321629136800766,0.23919110000133514,0.7472547292709351,0.7990940809249878,2.0999677181243896,0.3231348991394043,0.33011457324028015,0.7463187575340271,0.7507026791572571,-0.008993417955935001,0.005223824176937342,-0.26091235876083374,4.835916996002197,0.05006387457251549,0.0003116241132374853,6.951079368591309,1.4787882566452026
vi1.0_9_tilted0.5_exp.csv:8378.155158996582,utility_term_vi,9,30000,3000,-100075.90625,1.1044069528579712,0.4583580493927002,0.3093377351760864,0.6674214005470276,0.7650880217552185,2.0999677181243896,0.46052125096321106,0.46146780252456665,0.6663063764572144,0.6893194317817688,-0.008993417955935001,0.005223824176937342,-0.26091235876083374,4.835916996002197,0.05006387457251549,0.0003116241132374853,6.951079368591309,1.4787882566452026
vi1.0_9_tilted0.8_exp.csv:8410.31915307045,utility_term_vi,9,30000,3000,-100075.90625,1.1044069528579712,0.3216109275817871,0.28236961364746094,0.7472572922706604,0.7715410590171814,2.0999677181243896,0.32312488555908203,0.39974015951156616,0.7463288903236389,0.7173455953598022,-0.008993417955935001,0.005223824176937342,-0.26091235876083374,4.835916996002197,0.05006387457251549,0.0003116241132374853,6.951079368591309,1.4787882566452026
